,index,Sunday,Monday,Tuesday,Wednesday,Thursday,Friday,Saturday,year_month
0,Banqiao(Bannan Line),37132.25,42351.5,42424.5,42629.8,42234.8,43307.2,40726.25,202001
1,Banqiao(Bannan Line),27436.5,36645.75,37047.0,37322.0,38648.0,37894.75,31275.0,202002
2,Banqiao(Bannan Line),22901.2,33809.0,34202.8,34830.5,34850.0,38689.75,26468.0,202003
3,Banqiao(Bannan Line),19008.75,31378.0,31250.5,32761.2,30745.8,31257.0,21755.25,202004
4,Banqiao(Bannan Line),25436.2,34404.75,33885.5,35659.75,36121.75,39018.2,29661.8,202005
5,Banqiao(Bannan Line),29393.5,37075.6,37726.2,39387.5,36106.0,39271.25,35660.75,202006
6,Banqiao(Bannan Line),32072.5,39072.25,40135.75,39963.4,40446.2,44019.0,37739.0,202007
7,Banqiao(Bannan Line),32353.8,39046.6,40352.0,40879.75,41634.25,45406.0,38678.2,202008
8,Banqiao(Bannan Line),33760.25,39305.0,39397.8,40685.8,40374.0,44137.25,39643.5,202009
9,Banqiao(Bannan Line),33950.0,39079.5,39922.75,39924.75,40245.8,42680.0,39608.0,202010
10,Banqiao(Bannan Line),46157.0,42650.4,42249.25,43566.0,44211.75,52670.5,61906.25,202011
11,Banqiao(Bannan Line),60382.75,48089.5,45891.8,46387.6,50125.0,61777.25,90051.5,202012
12,Banqiao(Bannan Line),29438.6,37950.75,38124.75,38929.25,38723.0,41254.4,34029.8,202101
13,Banqiao(Bannan Line),30749.5,36053.25,36048.5,35153.5,33537.0,37715.0,34012.25,202102
14,Banqiao(Bannan Line),32609.5,37206.8,38813.6,39417.0,39527.25,44764.25,37841.75,202103
15,Banqiao(Bannan Line),32780.75,36324.5,38891.0,39813.25,41428.8,43055.2,38381.0,202104
16,Banqiao(Bannan Line),14144.4,21204.0,23219.5,22519.75,21997.5,23501.25,17861.6,202105
17,Banqiao(Bannan Line),3217.5,7890.0,9418.8,9275.8,8942.0,9322.0,3932.75,202106
18,Banqiao(Bannan Line),5082.5,13119.0,13784.5,13934.5,13253.2,13867.4,6858.4,202107
19,Banqiao(Bannan Line),11677.8,21787.4,22377.2,22336.5,22268.5,24164.0,15224.75,202108
20,Banqiao(Bannan Line),13027.5,22862.75,22464.0,25323.6,25516.4,27082.25,18939.0,202109
21,Banqiao(Bannan Line),23478.0,27834.75,30484.5,31352.75,31975.25,35285.2,28015.2,202110
22,Banqiao(Bannan Line),29307.5,33843.0,33784.6,34190.25,34829.75,40328.5,34199.75,202111
23,Banqiao(Bannan Line),47992.0,39664.75,39550.5,40675.4,42773.2,51142.4,69581.0,202112
24,Banqiao(Bannan Line),23442.8,28466.2,32381.0,32756.75,33298.75,35894.75,30176.2,202201
25,Banqiao(Bannan Line),24006.75,30872.75,27668.5,28718.0,28815.75,32385.0,27156.0,202202
26,Banqiao(Bannan Line),27939.0,34914.5,34604.6,34990.8,35240.8,40386.75,34451.0,202203
27,Banqiao(Bannan Line),19777.75,26596.5,26336.0,29217.5,28890.5,33147.4,23186.0,202204
28,Banqiao(Bannan Line),13799.6,21082.6,22378.6,22616.25,22388.25,24358.0,16196.5,202205
29,Banqiao(Bannan Line),18782.0,26633.0,27063.75,27227.4,27905.4,26904.25,21782.0,202206
30,Banqiao(Bannan Line),24232.2,30978.25,31274.5,32221.5,32270.25,34956.0,28229.2,202207
31,Banqiao(Bannan Line),26400.75,32252.8,32626.6,33491.6,34005.5,37221.5,31059.5,202208
32,Banqiao(Bannan Line),24153.25,32618.75,33228.0,33960.5,34653.8,35756.6,27937.5,202209
33,Banqiao(Bannan Line),27083.6,32389.4,33728.0,34856.75,35477.75,40823.5,34010.6,202210
34,Banqiao(Bannan Line),38462.75,37893.0,37280.8,38041.6,38321.25,46456.0,49089.5,202211
35,Banqiao(Circular Line),4622.75,3587.25,3417.25,2415.8,2028.2,2011.0,2360.0,202001
36,Banqiao(Circular Line),9862.0,8474.0,8374.5,8559.0,8933.25,9748.25,10159.2,202002
37,Banqiao(Circular Line),5443.4,5774.6,5865.4,5858.5,5994.0,7264.75,5866.0,202003
38,Banqiao(Circular Line),4276.25,5315.0,5261.0,5633.4,5653.4,6019.75,4514.25,202004
39,Banqiao(Circular Line),5565.4,5759.75,5861.75,6018.5,6059.75,7424.2,6121.8,202005
40,Banqiao(Circular Line),6175.5,6244.4,6295.6,6766.0,6611.5,7297.0,7110.75,202006
41,Banqiao(Circular Line),6589.25,6833.5,6825.25,6791.4,6774.6,8067.2,7636.5,202007
42,Banqiao(Circular Line),6716.2,6672.8,6873.25,6874.0,7153.0,8442.75,7525.2,202008
43,Banqiao(Circular Line),7055.25,6831.75,6939.6,7561.0,6922.5,8328.0,7903.0,202009
44,Banqiao(Circular Line),7454.75,7047.5,7145.25,7146.75,7917.2,9014.2,8087.6,202010
45,Banqiao(Circular Line),9696.0,7662.0,7610.75,7833.5,7956.25,10491.5,12147.25,202011
46,Banqiao(Circular Line),11575.0,8607.0,8100.2,8270.2,9424.0,11568.5,16303.0,202012
47,Banqiao(Circular Line),6472.4,7297.5,7163.75,7378.5,7397.75,8668.6,7179.8,202101
48,Banqiao(Circular Line),6546.75,7014.25,7218.5,7049.75,6714.75,7947.0,7315.5,202102
49,Banqiao(Circular Line),7369.0,7460.0,7571.2,7802.4,7631.0,9655.75,8175.75,202103
50,Banqiao(Circular Line),7402.0,7415.5,7689.0,7706.5,8668.2,9623.0,8527.0,202104
51,Banqiao(Circular Line),3272.0,4336.4,4570.0,4462.25,4425.75,5350.75,4039.8,202105
52,Banqiao(Circular Line),717.25,1586.25,1856.2,1818.0,1766.75,1872.75,825.25,202106
53,Banqiao(Circular Line),1321.5,2693.5,2811.5,2822.0,2693.6,3027.2,1639.8,202107
54,Banqiao(Circular Line),3040.2,4478.4,4494.6,4431.5,4537.25,5261.25,3513.25,202108
55,Banqiao(Circular Line),3283.25,4839.25,4743.0,5138.0,5161.4,5916.75,4368.25,202109
56,Banqiao(Circular Line),5427.0,5900.0,6193.75,6297.5,6447.5,8144.2,6237.4,202110
57,Banqiao(Circular Line),6814.0,6908.0,6787.4,6868.25,7068.5,9339.5,7331.25,202111
58,Banqiao(Circular Line),10507.75,8212.75,7982.25,8278.6,8925.2,11543.6,14459.25,202112
59,Banqiao(Circular Line),5702.4,6362.4,6730.0,6749.5,7014.0,8259.25,7043.0,202201
60,Banqiao(Circular Line),5626.5,6708.0,6117.25,6291.0,6221.5,7600.5,6329.25,202202
61,Banqiao(Circular Line),6586.75,7617.5,7436.6,7375.8,7632.0,9597.0,7749.75,202203
62,Banqiao(Circular Line),4851.75,5901.5,5762.5,6177.5,6202.25,8016.4,5663.2,202204
63,Banqiao(Circular Line),3277.4,4589.4,4784.0,4871.0,4823.5,5736.25,3762.5,202205
64,Banqiao(Circular Line),4680.5,5633.0,5693.0,5658.2,6018.4,6190.5,5055.75,202206
65,Banqiao(Circular Line),5544.6,6510.0,6496.5,6658.0,6706.5,7760.6,6254.8,202207
66,Banqiao(Circular Line),6172.5,6729.6,6828.0,6862.0,6924.75,8247.75,7008.5,202208
67,Banqiao(Circular Line),5858.0,6995.75,7057.25,7180.75,7781.6,8714.4,6463.25,202209
68,Banqiao(Circular Line),6386.4,7069.8,7211.75,7372.0,7642.25,9927.25,7812.8,202210
69,Banqiao(Circular Line),8906.0,8129.5,7810.4,7936.4,8236.5,11476.25,11117.5,202211
70,Daan Park,8853.25,7508.0,7832.75,7386.0,8184.6,8176.6,9300.5,202001
71,Daan Park,6635.75,6724.25,6894.25,7246.5,7203.5,7143.75,7839.8,202002
72,Daan Park,7287.6,6619.0,6745.8,6902.5,6638.25,7224.75,7577.5,202003
73,Daan Park,5582.25,6121.5,6319.25,6447.4,5874.0,6070.5,6340.5,202004
74,Daan Park,7851.4,6524.5,6688.5,7042.25,6871.25,7171.0,7924.2,202005
75,Daan Park,7065.0,7004.8,7274.8,7583.0,6563.0,7280.25,8673.0,202006
76,Daan Park,7555.0,7378.0,7747.5,7763.4,7693.6,8184.4,8692.75,202007
77,Daan Park,8264.0,7184.8,7520.5,7849.5,7689.5,8506.75,8388.4,202008
78,Daan Park,8126.75,7334.0,7736.0,7791.0,7761.0,8318.25,9587.5,202009
79,Daan Park,9465.5,7397.25,7824.5,7933.5,7374.8,7807.8,10659.6,202010
80,Daan Park,9730.4,7393.0,7799.25,8074.5,8046.0,8459.0,10203.0,202011
81,Daan Park,9235.0,7489.25,7859.4,7861.6,8237.2,8580.25,10356.0,202012
82,Daan Park,8510.6,7333.0,7893.25,8097.75,7943.25,7712.8,9006.2,202101
83,Daan Park,10938.75,7704.75,7703.25,7554.5,7187.75,7784.5,8966.75,202102
84,Daan Park,12123.5,8983.8,8761.4,8815.2,9351.25,9880.75,12442.75,202103
85,Daan Park,10600.0,7886.5,8226.75,8109.75,8186.6,8652.0,11197.0,202104
86,Daan Park,4105.6,4316.2,4785.75,4480.75,4463.5,4590.0,4900.6,202105
87,Daan Park,800.25,1714.25,1985.6,2013.2,1930.5,1969.75,970.75,202106
88,Daan Park,1558.0,2677.0,2870.25,2837.0,2695.8,2748.2,1798.4,202107
89,Daan Park,3848.4,4239.0,4347.4,4330.75,4304.75,4395.5,4034.75,202108
90,Daan Park,4227.75,4900.75,4935.5,5553.0,5439.6,5680.5,5378.0,202109
91,Daan Park,6981.6,5019.75,6038.75,6183.75,6252.5,6525.6,7888.8,202110
92,Daan Park,9110.25,6338.2,6557.2,6718.0,6718.0,7309.75,8847.0,202111
93,Daan Park,8775.0,6379.75,6936.25,7208.4,7426.0,8345.0,10620.0,202112
94,Daan Park,8407.0,5598.4,6540.0,6677.5,6983.25,6802.0,7702.2,202201
95,Daan Park,7446.75,7158.75,5264.25,5582.5,5506.0,6352.75,7656.75,202202
96,Daan Park,12193.75,7310.5,8063.0,8139.8,8140.0,9051.5,12888.5,202203
97,Daan Park,6601.0,5804.0,5905.25,6120.5,5956.5,6515.8,6780.2,202204
98,Daan Park,4614.2,4079.6,4546.0,4608.5,4433.0,4674.0,4893.5,202205
99,Daan Park,5583.75,5231.5,5463.75,5318.8,5345.0,5075.25,6469.75,202206
100,Daan Park,6348.8,5801.5,6179.5,6235.75,6343.0,6635.4,7091.6,202207
101,Daan Park,7103.25,5996.6,6341.0,6475.8,6220.0,6813.25,7979.25,202208
102,Daan Park,5975.25,6055.75,6423.0,6797.25,6513.4,6696.6,7231.25,202209
103,Daan Park,8696.0,6110.4,6674.5,6844.0,6974.0,8646.75,10967.0,202210
104,Daan Park,9942.5,7044.5,7064.4,7106.8,7256.0,7826.0,10667.75,202211
105,Dahu Park ,3096.25,3163.25,3479.0,3263.6,3367.8,3226.0,3661.5,202001
106,Dahu Park ,2729.25,3022.5,3071.25,3242.0,3108.25,3211.75,2943.0,202002
107,Dahu Park ,3041.2,2866.8,2831.0,2949.75,2753.75,2916.25,2602.75,202003
108,Dahu Park ,2069.5,2644.75,2651.75,2689.2,2571.6,2650.75,2347.25,202004
109,Dahu Park ,2977.6,2900.5,2861.25,2993.5,2905.5,3180.8,2864.6,202005
110,Dahu Park ,2878.75,3001.4,3093.2,3223.5,2906.5,3204.75,3247.5,202006
111,Dahu Park ,2871.25,3110.5,3238.75,3267.6,3203.8,3324.2,3343.5,202007
112,Dahu Park ,2983.2,3055.0,3151.0,3322.5,3181.0,3314.0,3085.8,202008
113,Dahu Park ,2620.5,3182.75,3201.6,3322.8,3326.5,3297.5,3279.5,202009
114,Dahu Park ,3084.0,3240.25,3220.0,3396.0,3297.4,3346.6,3570.2,202010
115,Dahu Park ,3593.0,3357.6,3293.5,3520.75,3539.0,3423.0,3215.75,202011
116,Dahu Park ,3186.5,3207.25,3312.2,3150.4,3312.4,3450.75,3750.0,202012
117,Dahu Park ,3345.6,3169.25,3392.25,3521.5,3389.25,3404.6,3336.2,202101
118,Dahu Park ,5000.25,4371.75,3729.0,3181.5,3064.25,3563.25,3421.5,202102
119,Dahu Park ,3543.0,3814.8,3322.6,3464.2,3618.0,3717.5,4169.0,202103
120,Dahu Park ,3981.75,3628.75,3444.25,3494.5,3425.6,3892.2,4242.0,202104
121,Dahu Park ,1505.0,1751.8,1961.0,1820.25,1824.75,1844.25,1876.2,202105
122,Dahu Park ,375.25,641.75,693.0,702.4,648.0,681.5,427.75,202106
123,Dahu Park ,609.75,995.5,1046.75,1017.25,976.0,982.8,631.4,202107
124,Dahu Park ,1308.2,1723.4,1763.4,1746.0,1741.5,1721.75,1340.5,202108
125,Dahu Park ,1656.75,2272.5,2215.25,2375.6,2355.6,2374.5,1969.75,202109
126,Dahu Park ,2451.2,2140.25,2600.75,2706.5,2727.75,2806.4,2758.4,202110
127,Dahu Park ,3080.75,2873.2,2880.0,2994.25,2983.75,3243.75,2866.0,202111
128,Dahu Park ,2891.75,2841.25,3026.5,3214.2,3295.6,3448.2,3289.5,202112
129,Dahu Park ,2321.2,2428.4,2818.0,2884.0,2810.75,2765.0,2687.2,202201
130,Dahu Park ,2937.5,3243.0,2304.75,2461.5,2392.0,2793.25,2694.75,202202
131,Dahu Park ,3035.5,2978.5,3153.8,3219.2,3245.4,3374.75,3644.5,202203
132,Dahu Park ,2398.0,2747.75,2708.5,2607.25,2576.75,2724.4,2472.2,202204
133,Dahu Park ,1453.0,1704.8,1847.6,1897.0,1857.0,1940.75,1620.0,202205
134,Dahu Park ,1985.5,2232.5,2247.25,2251.2,2253.8,2201.75,2120.25,202206
135,Dahu Park ,2249.6,2558.75,2557.5,2618.25,2660.5,2653.2,2478.0,202207
136,Dahu Park ,2510.0,2601.0,2587.0,2711.8,2637.25,2765.25,2803.0,202208
137,Dahu Park ,1896.25,2623.75,2718.5,2848.5,2752.6,2858.8,2432.75,202209
138,Dahu Park ,2037.2,2521.2,2719.0,2882.5,2948.0,2951.5,2493.0,202210
139,Dahu Park ,3193.25,3078.25,2936.2,2954.8,3027.0,3236.5,3879.75,202211
140,Jiannan Rd. ,10970.0,11471.75,11879.25,11806.4,11275.2,12384.2,11779.25,202001
141,Jiannan Rd. ,7581.0,9321.0,9571.0,9800.25,9827.25,10139.0,9043.6,202002
142,Jiannan Rd. ,6285.6,8350.2,8537.8,8947.75,8903.75,9475.5,7052.75,202003
143,Jiannan Rd. ,5036.75,7864.5,7956.75,8132.2,7723.6,7858.75,5687.5,202004
144,Jiannan Rd. ,6880.6,8568.25,8958.0,9212.75,9110.5,9691.6,7754.0,202005
145,Jiannan Rd. ,7749.0,9653.2,9948.2,10212.5,9237.75,10331.25,9752.25,202006
146,Jiannan Rd. ,8690.5,9737.5,10582.5,10503.0,10516.2,12097.0,11308.25,202007
147,Jiannan Rd. ,9358.2,9650.0,10582.75,10795.5,10986.25,12176.0,10428.4,202008
148,Jiannan Rd. ,9640.5,10034.75,10376.2,11349.4,10659.25,12005.5,12440.25,202009
149,Jiannan Rd. ,10005.25,9991.5,10294.25,10719.75,10946.8,11435.2,12257.8,202010
150,Jiannan Rd. ,10747.4,10189.4,10391.5,11002.25,11035.75,12613.25,13509.25,202011
151,Jiannan Rd. ,11540.0,10874.5,11298.6,11516.2,12780.4,14306.25,14407.0,202012
152,Jiannan Rd. ,9124.4,10377.0,10815.25,11348.75,11368.75,11939.8,10248.4,202101
153,Jiannan Rd. ,9343.0,10537.25,10029.25,9655.75,9717.0,10632.5,9802.5,202102
154,Jiannan Rd. ,9561.5,10073.8,10673.4,11122.4,11256.0,12537.75,11118.25,202103
155,Jiannan Rd. ,9581.75,9845.5,10656.25,10893.0,11275.8,11645.4,11053.0,202104
156,Jiannan Rd. ,4068.4,5696.4,6392.5,6201.25,5932.25,6515.75,5219.0,202105
157,Jiannan Rd. ,1043.25,2152.75,2465.6,2471.2,2385.0,2465.75,1239.0,202106
158,Jiannan Rd. ,1544.0,3269.5,3446.75,3517.75,3362.4,3382.2,1783.4,202107
159,Jiannan Rd. ,3705.0,5899.4,6084.0,6061.5,6071.75,6693.0,4724.25,202108
160,Jiannan Rd. ,4253.0,6454.25,6725.75,7363.4,7451.8,7893.0,6074.75,202109
161,Jiannan Rd. ,7412.2,7491.75,8497.25,8989.25,9195.75,10196.6,8491.4,202110
162,Jiannan Rd. ,8654.0,9146.6,9480.2,9724.5,9678.25,11462.75,10232.5,202111
163,Jiannan Rd. ,9726.75,10069.5,10265.5,10799.0,11311.6,13426.8,12141.5,202112
164,Jiannan Rd. ,7316.8,8217.0,9562.25,9961.5,10197.5,11163.25,9249.2,202201
165,Jiannan Rd. ,7707.5,9150.25,8234.5,8483.25,8756.75,9703.75,8800.0,202202
166,Jiannan Rd. ,8864.25,9727.0,9854.6,10085.6,10331.6,12074.0,10705.75,202203
167,Jiannan Rd. ,6459.75,7620.5,7476.25,8320.0,8155.0,9369.8,7166.8,202204
168,Jiannan Rd. ,4413.4,5656.8,6261.4,6400.25,6187.25,6760.5,5133.5,202205
169,Jiannan Rd. ,6102.5,7536.75,7873.0,7970.8,8208.8,8446.0,7178.0,202206
170,Jiannan Rd. ,7285.2,8597.0,8862.75,9289.25,9387.5,10378.2,8696.8,202207
171,Jiannan Rd. ,8141.75,9074.6,9437.6,9734.0,9992.5,10861.25,9380.75,202208
172,Jiannan Rd. ,7038.5,8913.5,9574.75,9805.0,9792.6,10093.4,8891.75,202209
173,Jiannan Rd. ,8013.6,8904.8,9349.25,9761.5,10121.5,11309.75,10406.2,202210
174,Jiannan Rd. ,9651.25,9984.5,10104.6,10635.4,10533.0,12211.0,12086.5,202211
175,Jiantan ,26496.5,29507.25,30130.5,29240.2,30105.8,28775.4,32019.25,202001
176,Jiantan ,20466.75,23069.5,23505.0,24120.5,24330.0,24544.0,24008.8,202002
177,Jiantan ,19550.0,25099.0,25478.2,25877.75,25181.75,26291.0,19715.0,202003
178,Jiantan ,14437.25,21874.5,22781.25,22310.4,21140.6,20906.5,15935.0,202004
179,Jiantan ,19204.6,24054.25,24356.0,24993.5,24586.0,25180.2,20484.8,202005
180,Jiantan ,20596.25,24681.4,25845.0,26569.5,24746.25,26908.25,26263.0,202006
181,Jiantan ,20951.0,22623.75,23961.0,23983.8,23703.0,25361.0,25524.5,202007
182,Jiantan ,21362.6,21213.0,23266.75,23921.75,23487.75,24884.75,24577.4,202008
183,Jiantan ,20891.5,26009.5,25848.4,26164.8,25653.25,27411.25,26053.0,202009
184,Jiantan ,23884.25,26980.75,27563.25,27804.75,26371.2,27524.4,27903.8,202010
185,Jiantan ,23775.2,26789.0,27550.75,28276.5,28155.5,29214.75,26587.0,202011
186,Jiantan ,23628.25,26863.75,27161.4,27085.0,28706.0,29525.25,27391.25,202012
187,Jiantan ,20475.0,23527.25,24681.5,25090.5,24050.0,24943.2,23248.0,202101
188,Jiantan ,24895.5,24375.0,23149.25,21643.0,21009.75,23425.75,21770.0,202102
189,Jiantan ,23056.25,26509.0,27514.6,27511.0,28267.75,29821.25,26953.75,202103
190,Jiantan ,23111.5,25353.0,26070.25,26337.25,26463.2,27607.6,26178.25,202104
191,Jiantan ,9791.4,13814.8,15401.0,14840.25,14534.0,14587.5,11739.8,202105
192,Jiantan ,2270.25,4348.0,5080.4,5088.4,4904.75,5049.75,2789.25,202106
193,Jiantan ,3531.25,6933.5,7326.5,7366.75,6867.8,6939.6,4164.0,202107
194,Jiantan ,7906.0,11583.8,12063.4,11688.25,11832.75,12052.75,9210.5,202108
195,Jiantan ,9781.25,14503.5,14236.0,15497.4,15490.6,15426.25,12693.25,202109
196,Jiantan ,16896.0,18908.75,21998.75,22552.25,22398.25,22633.0,18994.8,202110
197,Jiantan ,20826.0,23255.2,23792.8,24242.25,24332.5,25599.75,21178.25,202111
198,Jiantan ,19953.75,23706.5,24442.75,25376.8,26012.2,27206.0,24123.0,202112
199,Jiantan ,15326.6,17572.6,20772.0,21183.25,20922.0,20998.0,17990.6,202201
200,Jiantan ,19668.25,20598.5,17242.25,17995.25,17535.0,20574.0,22368.0,202202
201,Jiantan ,20325.75,23538.25,24991.8,25017.6,25067.4,26945.0,24803.0,202203
202,Jiantan ,14748.25,17855.75,17336.0,18094.25,18074.25,19897.4,15789.4,202204
203,Jiantan ,9783.2,11431.8,12274.4,12349.5,12258.75,13299.75,11382.5,202205
204,Jiantan ,12588.75,14452.5,15288.25,14778.2,15364.0,14619.75,14525.75,202206
205,Jiantan ,16920.0,16914.0,17820.75,17978.75,18522.25,19443.4,19314.0,202207
206,Jiantan ,18200.75,17912.8,18887.2,19195.8,18878.25,20476.5,21206.0,202208
207,Jiantan ,15248.5,21526.25,22677.75,23100.0,22244.0,22557.6,18524.25,202209
208,Jiantan ,17019.4,21299.6,23652.0,23813.5,23881.0,25389.0,26958.4,202210
209,Jiantan ,22491.0,24321.75,24787.8,24916.6,25086.75,27652.75,26309.0,202211
210,Nangang ,15379.0,18151.0,18662.0,20209.2,20414.4,22631.4,18032.25,202001
211,Nangang ,12084.0,16319.75,16826.0,17061.5,18485.0,17676.5,14027.6,202002
212,Nangang ,9610.6,15910.8,16147.4,16350.5,16573.75,18997.0,11055.5,202003
213,Nangang ,8167.75,14618.0,14694.25,15736.2,14575.0,14932.0,9198.5,202004
214,Nangang ,10962.8,15855.0,16187.75,16724.5,16865.75,19044.6,12655.6,202005
215,Nangang ,12454.75,17017.0,17586.6,18719.5,16987.5,18962.5,15692.25,202006
216,Nangang ,14857.25,18186.5,18553.5,18391.4,19361.4,22805.0,16832.75,202007
217,Nangang ,14327.8,17749.2,18707.0,19268.5,19774.0,23045.5,17509.6,202008
218,Nangang ,13987.75,18601.75,18908.2,21576.4,20191.0,23289.5,18228.25,202009
219,Nangang ,14365.25,18703.25,19294.25,20136.25,21559.8,21436.6,23381.4,202010
220,Nangang ,16654.8,19677.8,19178.5,19650.0,20075.75,24867.25,19256.25,202011
221,Nangang ,18176.75,19774.5,20123.2,20726.4,24045.6,27035.75,21048.25,202012
222,Nangang ,13120.6,18930.0,19092.0,19830.25,19593.0,20879.6,15165.6,202101
223,Nangang ,14496.75,17325.5,17433.5,16984.0,16126.25,18807.0,16009.5,202102
224,Nangang ,15298.5,18533.0,19525.2,19952.0,20085.0,24210.5,18403.75,202103
225,Nangang ,14520.0,17865.25,19546.0,20688.25,22505.4,23481.2,17340.5,202104
226,Nangang ,7182.6,10650.6,11887.0,11460.75,11578.0,12999.75,8901.0,202105
227,Nangang ,1771.0,3777.0,4489.4,4411.2,4284.25,4554.75,2163.0,202106
228,Nangang ,2647.5,6013.25,6398.0,6410.75,6196.4,6672.8,3372.4,202107
229,Nangang ,5870.0,10429.8,10960.6,10724.0,10966.5,12334.75,7606.75,202108
230,Nangang ,7122.75,12514.5,12499.5,14048.6,14313.6,15827.5,10700.0,202109
231,Nangang ,11576.6,14213.75,15959.75,16512.5,16812.5,19290.0,14098.4,202110
232,Nangang ,15177.75,17750.8,17472.8,17844.0,18494.5,23235.0,18022.0,202111
233,Nangang ,15914.0,18058.75,19133.75,20546.2,22348.4,24361.8,19494.5,202112
234,Nangang ,10832.8,14408.4,16776.5,17122.25,17599.25,19185.25,13739.2,202201
235,Nangang ,11159.75,15751.75,14424.25,15044.0,15298.0,18140.25,13255.5,202202
236,Nangang ,12619.0,18083.5,18231.2,18727.6,19229.6,22654.5,16195.0,202203
237,Nangang ,9579.5,13296.0,13399.75,15107.75,14921.75,18718.6,12281.8,202204
238,Nangang ,6546.6,9948.6,10946.0,11105.0,11201.5,12266.5,7904.25,202205
239,Nangang ,8773.0,13171.5,13888.25,13766.4,14767.6,14397.75,11123.5,202206
240,Nangang ,12250.4,15308.25,15508.0,15971.0,16449.5,18866.6,14581.2,202207
241,Nangang ,12360.0,16100.0,16575.0,17733.8,18388.25,20950.0,15987.25,202208
242,Nangang ,11186.25,16862.25,17848.0,19014.75,20600.6,20882.8,13535.5,202209
243,Nangang ,12508.0,16440.6,17935.5,18969.5,19688.25,23745.5,16794.6,202210
244,Nangang ,16542.0,19640.75,18757.6,19612.8,20178.5,25388.75,19388.5,202211
245,Sanchong ,5550.0,6530.75,6614.25,6352.6,6532.8,6606.8,6468.5,202001
246,Sanchong ,6177.75,6568.75,6849.0,6991.5,6869.0,7234.0,7516.4,202002
247,Sanchong ,4307.8,5676.0,5748.0,5867.25,5820.75,6089.5,4503.75,202003
248,Sanchong ,3399.25,5368.5,5442.25,5493.8,5068.0,5122.0,3940.25,202004
249,Sanchong ,4297.4,5697.0,5663.5,5910.75,5827.75,5944.4,4742.2,202005
250,Sanchong ,4523.25,5859.4,6033.0,6107.0,5589.0,5915.5,5670.0,202006
251,Sanchong ,5075.0,6022.0,6354.0,6215.8,6320.2,6690.4,6168.0,202007
252,Sanchong ,5714.8,6204.2,6416.0,6545.75,6540.25,6803.25,6673.2,202008
253,Sanchong ,5648.25,6382.0,6410.0,6622.4,6445.0,6798.0,6969.0,202009
254,Sanchong ,7076.5,6508.25,6561.75,6681.25,6525.6,6672.8,6542.4,202010
255,Sanchong ,5798.4,6530.8,6524.0,6753.0,6716.25,7135.0,6855.0,202011
256,Sanchong ,6016.25,6567.75,6731.2,6760.2,7071.6,7253.25,7306.0,202012
257,Sanchong ,5317.0,6440.25,6634.25,6763.25,6691.5,6700.6,6042.6,202101
258,Sanchong ,5998.5,6397.25,6162.0,5781.75,5653.75,6181.75,5547.5,202102
259,Sanchong ,5811.75,6554.6,6740.0,6822.8,6803.5,7352.0,6676.0,202103
260,Sanchong ,6144.75,6565.0,6668.75,6754.25,6889.4,7010.4,8619.25,202104
261,Sanchong ,2236.4,3722.4,4077.0,3991.75,3846.0,3957.25,2889.8,202105
262,Sanchong ,664.75,1561.5,1819.6,1821.2,1769.25,1819.5,884.0,202106
263,Sanchong ,1090.75,2549.0,2613.75,2660.75,2529.8,2547.4,1362.8,202107
264,Sanchong ,2275.6,3951.6,4069.6,3997.25,4062.5,4033.0,2797.0,202108
265,Sanchong ,2567.75,4397.0,4356.0,4938.4,4941.6,5068.0,3527.75,202109
266,Sanchong ,4159.0,4989.0,5649.25,5873.5,5890.0,6080.2,4809.0,202110
267,Sanchong ,5226.0,6177.2,6189.6,6356.25,6311.5,6670.75,5510.25,202111
268,Sanchong ,5477.25,6285.5,6503.25,6648.2,6723.2,7230.2,6533.0,202112
269,Sanchong ,4150.6,5212.4,5964.25,6130.25,6253.25,6292.5,5237.8,202201
270,Sanchong ,6666.25,6658.75,5391.0,5540.25,5468.25,6406.0,7136.5,202202
271,Sanchong ,5188.75,6476.25,6546.2,6665.6,6560.8,7079.0,6270.5,202203
272,Sanchong ,3712.25,5200.75,5158.75,5688.75,5530.25,5859.2,4777.8,202204
273,Sanchong ,2630.6,3799.0,4163.8,4140.0,4120.75,4222.0,3019.25,202205
274,Sanchong ,3532.25,4944.0,5048.75,5050.2,5048.0,4559.0,3952.0,202206
275,Sanchong ,4407.2,5487.0,5675.25,5792.0,5800.75,5922.0,4948.6,202207
276,Sanchong ,5957.5,5741.8,5973.2,6103.6,5999.25,6283.5,6823.75,202208
277,Sanchong ,4063.25,6185.25,6458.0,6466.25,6477.4,6333.2,4811.5,202209
278,Sanchong ,4424.8,6141.8,6441.25,6623.0,6623.0,6968.25,5697.8,202210
279,Sanchong ,6002.25,6797.25,6968.4,6976.0,6985.5,7518.25,7136.25,202211
280,Taipei 101/World Trade Center,27599.5,32626.25,30540.0,30063.4,30386.4,31450.2,31055.0,202001
281,Taipei 101/World Trade Center,17541.0,26070.25,25682.25,26198.75,26986.0,27410.0,22336.0,202002
282,Taipei 101/World Trade Center,13306.8,21647.2,21319.8,21829.5,21818.75,23423.5,15486.5,202003
283,Taipei 101/World Trade Center,9828.75,18355.75,18208.75,18938.0,17432.8,17815.5,11774.25,202004
284,Taipei 101/World Trade Center,13777.4,20862.0,21224.0,21869.0,22030.25,22483.0,16594.4,202005
285,Taipei 101/World Trade Center,17592.75,23390.4,24041.8,24713.0,23383.5,26407.5,23478.0,202006
286,Taipei 101/World Trade Center,26673.0,29512.75,26574.75,26928.6,29699.4,34850.0,30642.5,202007
287,Taipei 101/World Trade Center,26764.0,29519.8,27440.75,27864.75,27981.5,33219.0,30409.4,202008
288,Taipei 101/World Trade Center,24441.25,27794.0,26274.2,27230.0,28907.25,32918.5,30909.75,202009
289,Taipei 101/World Trade Center,23450.75,26385.5,25982.5,26155.25,26361.0,29377.8,29102.4,202010
290,Taipei 101/World Trade Center,24883.6,26641.8,25931.25,26847.25,27446.75,33091.5,31664.75,202011
291,Taipei 101/World Trade Center,27548.0,27967.5,27556.2,28826.8,35407.4,34622.25,33234.5,202012
292,Taipei 101/World Trade Center,18563.2,26798.0,25344.0,25886.0,25891.5,28284.0,22525.2,202101
293,Taipei 101/World Trade Center,22595.5,25298.0,23405.0,22670.0,23782.75,28129.5,24705.5,202102
294,Taipei 101/World Trade Center,18361.0,24242.8,24954.6,25720.0,26414.75,29142.0,23395.0,202103
295,Taipei 101/World Trade Center,22182.75,24929.75,25041.0,25768.75,26754.6,29183.8,27043.5,202104
296,Taipei 101/World Trade Center,8308.2,14004.4,15224.5,14540.0,13913.75,14532.75,10589.6,202105
297,Taipei 101/World Trade Center,1904.75,4670.0,5530.0,5506.2,5338.5,5419.75,2353.75,202106
298,Taipei 101/World Trade Center,2990.25,7812.0,8260.5,8367.5,7975.2,8062.4,3741.6,202107
299,Taipei 101/World Trade Center,6768.8,13964.2,14460.4,13751.0,14121.25,14680.25,8532.75,202108
300,Taipei 101/World Trade Center,8724.5,15417.25,15083.25,17065.8,17333.6,18331.0,12630.5,202109
301,Taipei 101/World Trade Center,18752.6,19777.25,20161.5,20805.0,21915.0,24997.4,22330.2,202110
302,Taipei 101/World Trade Center,19043.75,23123.2,22477.4,22482.0,23472.0,27479.25,22950.25,202111
303,Taipei 101/World Trade Center,25821.75,25271.0,24293.75,25165.0,26170.0,41669.6,32355.0,202112
304,Taipei 101/World Trade Center,14098.8,19176.4,22079.5,21935.5,22826.75,24956.5,19512.2,202201
305,Taipei 101/World Trade Center,18213.75,22145.75,18036.75,18512.25,21035.75,22888.75,20472.25,202202
306,Taipei 101/World Trade Center,18055.0,23911.5,22622.8,22803.8,23148.6,27437.5,22924.5,202203
307,Taipei 101/World Trade Center,13669.5,17937.0,16860.25,19067.25,18924.25,22013.0,15158.4,202204
308,Taipei 101/World Trade Center,8792.4,13379.6,14460.4,14484.75,14521.25,15857.0,10316.0,202205
309,Taipei 101/World Trade Center,12080.75,17995.5,18471.75,17888.2,18807.0,18048.0,14663.75,202206
310,Taipei 101/World Trade Center,20204.6,23158.75,21237.25,21743.5,24112.0,27542.6,23553.2,202207
311,Taipei 101/World Trade Center,20651.25,25666.2,22654.4,23154.4,23833.25,28547.75,24047.5,202208
312,Taipei 101/World Trade Center,19130.75,23422.0,22386.75,22739.5,23619.2,26616.0,22600.25,202209
313,Taipei 101/World Trade Center,20227.8,23003.8,22920.5,23754.5,25135.0,29555.0,26653.8,202210
314,Taipei 101/World Trade Center,21260.75,24304.25,24000.4,24879.6,25928.75,29783.25,24693.5,202211
315,Taipei Main Station,145581.25,144527.75,143520.0,147357.2,147218.0,160996.4,152532.25,202001
316,Taipei Main Station,112469.25,120186.75,117407.5,119397.75,128297.25,134287.25,119774.4,202002
317,Taipei Main Station,86374.0,96786.8,98048.6,98494.75,99719.25,127934.0,97354.0,202003
318,Taipei Main Station,67990.0,85591.5,84101.25,95922.0,92652.8,100531.5,75238.25,202004
319,Taipei Main Station,94360.6,96747.0,96122.0,100375.25,103710.0,132422.0,104903.2,202005
320,Taipei Main Station,114164.5,109720.2,112296.6,124061.25,117396.25,137552.0,128474.25,202006
321,Taipei Main Station,127750.25,124034.5,125578.0,126405.2,129962.8,156333.0,140663.5,202007
322,Taipei Main Station,135292.6,126195.6,128847.5,131914.0,136336.75,163414.0,149641.6,202008
323,Taipei Main Station,134334.25,120925.5,121256.0,132770.4,125727.0,155057.0,148107.5,202009
324,Taipei Main Station,132040.25,117345.75,117928.25,119953.25,133578.2,151234.2,145163.8,202010
325,Taipei Main Station,143802.0,120405.8,117773.75,122619.25,127907.5,169766.75,159251.0,202011
326,Taipei Main Station,158865.0,126033.75,121079.2,125613.8,140802.8,171431.25,168650.0,202012
327,Taipei Main Station,108451.6,114887.25,113342.75,115793.0,118888.0,140497.6,121358.4,202101
328,Taipei Main Station,117547.75,114333.5,115149.25,112111.25,106824.75,128293.0,122413.75,202102
329,Taipei Main Station,127114.5,116487.2,114641.0,119471.4,120849.0,156761.5,142544.0,202103
330,Taipei Main Station,124506.0,112290.0,115195.5,117616.5,133057.2,152309.8,140683.0,202104
331,Taipei Main Station,49900.6,58580.8,63931.25,62440.5,61971.75,77739.0,62757.2,202105
332,Taipei Main Station,8715.5,19493.25,22690.6,23020.0,22002.75,24176.5,10946.25,202106
333,Taipei Main Station,14757.25,32316.25,33531.25,34686.25,33344.4,37697.4,19575.6,202107
334,Taipei Main Station,38719.6,58077.6,59338.6,58738.75,60578.75,73405.75,48631.75,202108
335,Taipei Main Station,50499.5,67539.0,66826.0,72627.2,74898.0,90038.0,68119.5,202109
336,Taipei Main Station,86869.4,82283.75,84926.5,88388.0,92728.0,120500.4,100064.6,202110
337,Taipei Main Station,110173.5,96642.0,95907.6,98411.5,104271.0,140847.25,123074.75,202111
338,Taipei Main Station,128808.75,106862.75,104188.75,107844.0,119075.0,150009.0,138050.25,202112
339,Taipei Main Station,84407.4,83828.2,92501.25,94020.25,99924.0,116443.0,98752.0,202201
340,Taipei Main Station,87896.0,93656.5,79574.5,83231.0,85746.5,106111.25,96120.0,202202
341,Taipei Main Station,108218.0,99743.5,98690.0,100129.8,105943.0,136406.5,122974.25,202203
342,Taipei Main Station,74949.25,79063.25,76787.5,82565.5,83216.5,112318.6,85662.6,202204
343,Taipei Main Station,47355.0,58629.6,60861.4,61314.25,62527.5,77481.0,55831.5,202205
344,Taipei Main Station,66907.75,75844.5,76363.75,76572.2,83857.6,87380.75,74946.0,202206
345,Taipei Main Station,96018.6,90654.5,95452.75,98220.25,101303.25,120080.2,105948.2,202207
346,Taipei Main Station,106533.0,102084.8,101054.4,103418.8,107578.75,129499.75,116104.75,202208
347,Taipei Main Station,97008.25,97228.75,98060.0,102264.25,111447.8,127107.0,102524.75,202209
348,Taipei Main Station,105705.8,98111.8,98243.25,100785.5,105741.0,142992.5,123901.0,202210
349,Taipei Main Station,123361.5,107627.0,104680.4,107474.0,112905.75,152896.75,134200.0,202211
350,Taipei Nangang Exhibition Center,22043.75,25999.0,25738.25,29319.0,29174.0,33322.0,22710.25,202001
351,Taipei Nangang Exhibition Center,14453.75,27852.5,28159.75,27481.75,27320.5,23684.5,18089.8,202002
352,Taipei Nangang Exhibition Center,10733.0,25973.8,26159.6,26689.75,26466.5,26974.5,12908.75,202003
353,Taipei Nangang Exhibition Center,9050.5,23644.75,23720.5,24073.4,21066.2,20471.25,11002.0,202004
354,Taipei Nangang Exhibition Center,11300.4,25496.25,25822.75,26264.25,26179.75,24359.4,13490.0,202005
355,Taipei Nangang Exhibition Center,12039.25,26404.4,26921.4,27048.75,23144.0,23825.75,16958.25,202006
356,Taipei Nangang Exhibition Center,17880.75,28186.25,27628.0,28014.8,31263.8,34557.2,21510.5,202007
357,Taipei Nangang Exhibition Center,17039.4,26452.4,28524.5,30456.5,30344.25,31268.0,22973.6,202008
358,Taipei Nangang Exhibition Center,14235.25,28312.25,28639.6,30167.6,31077.25,32830.75,20720.25,202009
359,Taipei Nangang Exhibition Center,14718.25,28244.0,29861.5,32008.5,29684.8,29772.6,23113.0,202010
360,Taipei Nangang Exhibition Center,22797.2,33117.6,28840.0,29504.25,29909.25,35659.25,26689.5,202011
361,Taipei Nangang Exhibition Center,20871.5,28919.25,29390.6,29742.0,33757.8,37116.5,26234.25,202012
362,Taipei Nangang Exhibition Center,13830.2,27961.25,28467.25,29171.5,29625.25,26633.0,17202.2,202101
363,Taipei Nangang Exhibition Center,13449.25,23499.25,23180.5,22815.75,22662.0,23428.5,15938.0,202102
364,Taipei Nangang Exhibition Center,16605.75,27444.2,29117.0,29671.4,30055.0,33245.75,19905.75,202103
365,Taipei Nangang Exhibition Center,14464.75,25521.0,29279.25,30758.75,30276.6,28389.6,17767.75,202104
366,Taipei Nangang Exhibition Center,8462.8,16411.6,19076.0,18157.25,18678.25,17716.25,10886.2,202105
367,Taipei Nangang Exhibition Center,2171.5,6451.75,7693.4,7744.0,7412.25,7477.0,2918.25,202106
368,Taipei Nangang Exhibition Center,3114.25,10526.0,11012.25,10952.75,10428.8,10404.8,4094.6,202107
369,Taipei Nangang Exhibition Center,5864.0,16745.4,17148.6,16903.75,16791.0,16904.25,7400.5,202108
370,Taipei Nangang Exhibition Center,6329.25,17177.75,17215.75,20598.2,20594.2,20370.0,10511.75,202109
371,Taipei Nangang Exhibition Center,11288.8,18948.5,23041.0,23872.75,24900.25,24623.6,13996.4,202110
372,Taipei Nangang Exhibition Center,20559.75,28482.4,25055.6,25489.75,27510.25,34256.5,25942.5,202111
373,Taipei Nangang Exhibition Center,16559.0,25460.75,28914.5,31730.6,34280.2,31665.0,24266.0,202112
374,Taipei Nangang Exhibition Center,11459.8,21039.4,25040.5,24660.25,24430.0,24196.5,14812.8,202201
375,Taipei Nangang Exhibition Center,10934.25,21003.25,19934.25,20649.75,20766.0,21814.25,13585.5,202202
376,Taipei Nangang Exhibition Center,13899.25,24952.75,26306.2,27342.6,28675.2,30784.5,19082.0,202203
377,Taipei Nangang Exhibition Center,10018.75,19367.5,18816.5,23290.75,22933.75,23959.8,12401.0,202204
378,Taipei Nangang Exhibition Center,7380.0,14862.0,17047.8,17042.5,16895.25,17305.5,8971.0,202205
379,Taipei Nangang Exhibition Center,8422.25,19233.0,20337.0,20764.8,20987.8,18692.0,12741.25,202206
380,Taipei Nangang Exhibition Center,12113.6,22513.25,21942.5,22525.75,23565.25,24270.0,14699.2,202207
381,Taipei Nangang Exhibition Center,11216.0,22218.4,23337.8,25724.0,26909.5,27570.0,17361.5,202208
382,Taipei Nangang Exhibition Center,9828.0,23612.0,25790.5,28063.0,27904.2,24899.8,11946.0,202209
383,Taipei Nangang Exhibition Center,11478.4,21035.8,25077.5,27711.0,28842.75,29080.25,16730.6,202210
384,Taipei Nangang Exhibition Center,24463.25,31834.0,25877.0,26414.4,27051.75,36714.5,28487.5,202211
385,Taipei Zoo,7019.0,6861.5,8739.0,7449.6,7672.2,6616.0,10217.5,202001
386,Taipei Zoo,6099.75,5157.5,5911.0,5943.25,6045.75,6854.5,7384.4,202002
387,Taipei Zoo,6064.4,4321.6,4400.2,4402.75,4184.5,4305.25,4603.25,202003
388,Taipei Zoo,3435.0,3822.75,3810.75,3785.0,3826.0,4244.5,3888.0,202004
389,Taipei Zoo,4920.4,3890.5,3904.0,4085.5,3986.0,4674.4,4591.4,202005
390,Taipei Zoo,4922.25,3912.2,4523.2,4440.75,4944.5,6216.25,6631.75,202006
391,Taipei Zoo,5943.5,4411.25,5023.75,4992.8,5160.8,5425.4,6554.75,202007
392,Taipei Zoo,6530.4,4179.8,5312.75,5035.0,5310.75,5320.25,8453.4,202008
393,Taipei Zoo,6046.75,4568.5,4750.8,4785.4,4569.25,4956.25,6872.75,202009
394,Taipei Zoo,7366.25,5068.0,5138.0,5148.25,5692.2,7617.0,9985.4,202010
395,Taipei Zoo,7902.8,5113.6,5260.5,5528.75,5833.5,5679.25,7213.75,202011
396,Taipei Zoo,7298.75,5104.25,5179.2,4669.6,5375.6,5384.25,7569.5,202012
397,Taipei Zoo,6259.6,4478.0,5020.0,5227.0,5451.25,6133.4,6622.0,202101
398,Taipei Zoo,12121.25,7987.5,6783.25,5214.0,5596.5,7344.5,7124.75,202102
399,Taipei Zoo,8251.25,6127.6,5246.2,5181.6,5625.5,5864.75,8956.25,202103
400,Taipei Zoo,8847.75,6738.25,5419.75,5113.75,5108.0,7808.6,9590.75,202104
401,Taipei Zoo,2406.4,2368.8,2753.75,2373.75,2434.75,2412.5,3005.8,202105
402,Taipei Zoo,220.75,513.5,634.2,624.6,614.75,628.5,271.5,202106
403,Taipei Zoo,364.0,881.75,945.0,933.75,897.0,863.6,430.0,202107
404,Taipei Zoo,1659.8,2220.8,2226.2,2084.25,2277.0,2218.25,1890.0,202108
405,Taipei Zoo,2223.75,2641.25,2678.25,2688.2,2649.4,2566.0,2502.25,202109
406,Taipei Zoo,4082.6,3207.25,3743.25,3688.0,3704.75,3696.6,4479.0,202110
407,Taipei Zoo,6882.5,4134.0,4027.6,4051.25,4206.25,4359.5,5805.0,202111
408,Taipei Zoo,5677.25,4422.75,4481.75,4673.6,5040.0,6134.8,6802.25,202112
409,Taipei Zoo,4113.2,2943.0,3614.0,3906.5,4020.75,3607.5,5320.0,202201
410,Taipei Zoo,6991.0,5991.25,3976.75,3911.0,3601.0,4179.5,6122.0,202202
411,Taipei Zoo,7465.0,3997.5,4988.4,4805.0,4837.6,5416.75,8919.25,202203
412,Taipei Zoo,4215.75,5516.0,4543.75,3698.0,3622.25,3785.8,3923.6,202204
413,Taipei Zoo,2260.2,2080.4,2173.4,2146.25,2113.25,2192.5,2263.5,202205
414,Taipei Zoo,2840.5,2223.75,2396.75,2348.0,2461.0,2671.25,2988.5,202206
415,Taipei Zoo,4316.0,3240.0,3722.75,3733.25,3837.0,4088.8,5040.0,202207
416,Taipei Zoo,5030.25,3369.8,3911.8,3847.2,3823.75,4114.75,6258.25,202208
417,Taipei Zoo,3626.25,3750.0,3992.0,4165.25,4001.8,4587.8,5095.5,202209
418,Taipei Zoo,4768.2,4209.4,4474.75,4471.0,4609.5,4625.5,5315.6,202210
419,Taipei Zoo,7821.75,5100.0,4920.8,4654.6,4998.5,5272.25,8654.75,202211
420,Tamsui,29931.0,35187.0,35572.75,33483.6,33237.0,31093.0,38860.0,202001
421,Tamsui,24442.75,26623.0,26006.0,27310.75,27607.0,27734.0,27509.6,202002
422,Tamsui,25686.2,28223.2,27418.2,27806.25,27156.25,28324.25,22255.5,202003
423,Tamsui,19218.5,26179.75,25591.75,25603.6,24216.2,24653.75,19324.0,202004
424,Tamsui,28495.6,28467.25,27139.75,27878.25,27618.5,28933.8,24934.6,202005
425,Tamsui,26880.75,29336.6,29228.2,30152.75,29331.5,31865.25,33771.0,202006
426,Tamsui,26643.0,26831.0,27939.25,27799.6,27644.8,29332.4,29797.75,202007
427,Tamsui,30488.0,27038.8,27943.5,28230.5,28041.25,29424.0,30756.2,202008
428,Tamsui,29393.0,30699.0,29818.8,29949.4,29711.75,31752.25,32803.0,202009
429,Tamsui,35046.5,32211.5,31558.75,31896.5,32412.2,35068.6,37812.6,202010
430,Tamsui,35141.8,32203.4,31429.0,32377.25,32417.25,33634.0,32663.5,202011
431,Tamsui,32986.75,31379.25,30758.6,29824.6,31930.0,32841.25,33666.25,202012
432,Tamsui,26472.0,27904.5,28167.5,29143.5,28615.5,29797.6,27412.4,202101
433,Tamsui,39461.5,34126.0,29564.75,26180.75,25746.25,31090.25,28999.5,202102
434,Tamsui,31748.75,32459.0,30709.4,30668.0,31991.5,34157.75,33226.0,202103
435,Tamsui,33081.75,32681.25,31327.75,30639.5,30305.6,34419.8,35731.0,202104
436,Tamsui,14406.2,17521.2,18751.75,17943.5,17554.5,17745.75,15329.8,202105
437,Tamsui,3639.75,6853.5,7835.0,7932.6,7516.75,7766.25,4429.0,202106
438,Tamsui,6009.75,10612.25,10985.25,10888.25,10175.0,10439.8,6578.2,202107
439,Tamsui,12845.6,16787.6,16940.6,16659.5,16668.75,16961.5,13944.5,202108
440,Tamsui,16300.25,21162.75,20375.5,20829.4,20556.0,20637.5,18355.5,202109
441,Tamsui,27510.4,24193.0,26602.75,27388.5,27170.75,27625.2,26966.8,202110
442,Tamsui,31183.0,28612.4,28172.0,28663.5,28617.75,30448.5,27493.25,202111
443,Tamsui,28581.75,28069.5,28878.0,29845.8,30251.2,34572.4,31257.25,202112
444,Tamsui,20828.6,23054.2,25655.0,25853.5,25978.25,25337.0,24287.0,202201
445,Tamsui,27008.0,28325.5,21453.5,23260.25,21660.5,25035.75,25572.5,202202
446,Tamsui,30356.0,28699.5,29722.8,29626.4,29555.6,32250.25,32492.0,202203
447,Tamsui,20443.25,26018.25,24186.5,24207.75,23444.25,25177.2,19652.8,202204
448,Tamsui,14192.0,16750.6,17495.6,17327.5,17194.25,17801.0,14388.5,202205
449,Tamsui,18712.75,20375.25,20340.25,19716.0,20582.8,20352.75,20216.0,202206
450,Tamsui,22337.4,22344.25,22377.0,23110.5,23068.0,24483.6,23882.2,202207
451,Tamsui,24877.25,23635.6,23461.8,24225.4,23520.25,24795.75,26748.75,202208
452,Tamsui,23821.25,26922.0,26881.0,27751.5,27130.8,29441.6,24327.5,202209
453,Tamsui,24147.6,26610.0,27449.0,28092.5,28305.75,29310.25,26330.4,202210
454,Tamsui,32944.5,30286.5,28608.6,28500.6,29024.0,31090.75,32293.25,202211
455,Xiaobitan,3445.0,3304.0,3397.5,3343.0,3340.2,3088.8,3482.75,202001
456,Xiaobitan,3068.75,2909.0,3016.5,3020.0,3149.25,3199.75,3225.8,202002
457,Xiaobitan,3777.4,3234.6,3315.2,3499.0,3396.0,3970.75,4466.25,202003
458,Xiaobitan,2576.75,2816.25,2781.5,2900.2,2974.8,3113.25,2984.75,202004
459,Xiaobitan,3809.0,3131.5,3186.0,3271.0,3318.75,3773.4,4127.8,202005
460,Xiaobitan,4205.5,3433.4,3502.8,3529.0,3670.0,4085.25,4621.75,202006
461,Xiaobitan,4793.0,3822.75,3957.75,3760.2,3890.4,4227.0,4938.75,202007
462,Xiaobitan,4181.6,3784.0,3915.0,3951.75,4116.75,4048.0,4282.4,202008
463,Xiaobitan,4075.25,3507.75,3525.4,3712.4,3775.5,3870.0,4219.75,202009
464,Xiaobitan,4048.25,3444.75,3473.0,3478.75,3843.6,4186.6,4338.8,202010
465,Xiaobitan,3850.6,3324.8,3250.25,3450.5,3586.25,3715.0,4204.5,202011
466,Xiaobitan,4054.25,3502.0,3551.2,3617.4,3861.8,3990.5,4479.0,202012
467,Xiaobitan,3353.4,3302.0,3426.0,3471.25,3589.0,3759.6,3694.0,202101
468,Xiaobitan,3951.5,3701.0,3528.5,3251.5,3138.5,3647.0,3639.25,202102
469,Xiaobitan,3488.75,3341.2,3333.8,3349.4,3452.75,3601.75,3821.0,202103
470,Xiaobitan,3677.25,3335.5,3324.0,3329.0,3519.0,3786.2,4264.25,202104
471,Xiaobitan,1593.6,1782.4,1930.75,1893.0,1795.5,1813.75,1747.4,202105
472,Xiaobitan,388.0,654.25,762.2,774.4,722.0,749.0,482.75,202106
473,Xiaobitan,690.75,1103.25,1134.5,1179.75,1125.0,1136.0,830.4,202107
474,Xiaobitan,1641.4,2035.0,2149.2,2072.75,2056.5,2176.25,1954.0,202108
475,Xiaobitan,1917.75,2502.75,2370.0,2509.6,2561.4,2631.25,2267.25,202109
476,Xiaobitan,3086.8,2833.75,2863.75,2935.75,3003.0,3193.4,3360.2,202110
477,Xiaobitan,3099.5,3037.0,3025.4,2986.0,3127.5,3377.5,3574.25,202111
478,Xiaobitan,3429.0,3070.0,3106.5,3121.0,3204.4,3570.6,3755.5,202112
479,Xiaobitan,2624.0,2512.2,2916.75,2849.25,2947.5,2992.75,3046.6,202201
480,Xiaobitan,3067.75,3059.0,2663.5,2721.75,2823.25,3097.5,3145.5,202202
481,Xiaobitan,3343.0,3164.5,3032.8,3119.0,3193.2,3359.0,3689.5,202203
482,Xiaobitan,2267.5,2535.25,2440.5,2474.25,2538.75,2691.6,2402.0,202204
483,Xiaobitan,1681.0,1933.8,2019.2,1974.5,1978.25,2003.5,1833.5,202205
484,Xiaobitan,2306.5,2471.5,2519.75,2480.2,2529.0,2454.5,2418.75,202206
485,Xiaobitan,2953.4,2871.25,2797.75,2933.25,3055.25,3045.4,3126.4,202207
486,Xiaobitan,3509.75,3021.4,3040.0,3139.8,3161.25,3167.0,3519.75,202208
487,Xiaobitan,2701.25,2937.5,2944.0,2981.5,3104.6,3099.4,2931.0,202209
488,Xiaobitan,3101.4,2955.0,3004.75,3105.25,3128.0,3417.25,3278.8,202210
489,Xiaobitan,3214.25,2974.0,3110.8,3200.4,3356.5,3528.5,3472.75,202211
490,Ximen ,72110.25,75381.5,73597.75,76317.0,74876.4,74001.4,81795.75,202001
491,Ximen ,55198.25,58100.0,57435.5,58661.25,60109.75,63775.75,64264.4,202002
492,Ximen ,39965.8,43534.6,44701.6,46568.25,45478.25,52732.0,49283.5,202003
493,Ximen ,30905.25,38624.5,39506.0,41517.2,39436.2,42745.75,37648.0,202004
494,Ximen ,42046.0,42872.75,44335.5,46498.0,45444.0,52321.6,51365.6,202005
495,Ximen ,47110.5,48704.2,50152.0,52204.0,49708.0,58760.0,63611.25,202006
496,Ximen ,52868.5,54472.25,58032.25,57216.4,57151.8,67072.0,67463.25,202007
497,Ximen ,56253.8,53647.6,57085.0,59424.25,58450.5,67805.25,69073.0,202008
498,Ximen ,55038.25,52174.75,52739.6,54885.6,54154.25,63511.0,69222.25,202009
499,Ximen ,54264.25,50614.75,52992.75,54725.5,55315.8,66090.6,74107.2,202010
500,Ximen ,58901.0,51964.6,52668.25,54656.75,55133.25,67010.75,75201.75,202011
501,Ximen ,68483.75,55489.0,55689.4,58414.6,64728.2,74101.75,91507.25,202012
502,Ximen ,51998.6,53358.5,57394.25,60902.25,57528.75,65198.0,65012.6,202101
503,Ximen ,66032.25,61418.75,60504.75,58198.75,53391.5,66110.25,68823.25,202102
504,Ximen ,60022.25,54870.4,55421.8,57072.6,57568.0,69702.25,74409.0,202103
505,Ximen ,59831.0,53749.75,54068.75,56057.25,58639.6,69218.8,74238.75,202104
506,Ximen ,22061.2,26682.0,30117.0,29248.5,27798.75,30035.0,29753.0,202105
507,Ximen ,4511.5,9571.0,10948.6,11085.2,10624.75,11045.5,5682.75,202106
508,Ximen ,7499.5,15575.25,16389.0,16486.0,15717.4,16375.0,9479.8,202107
509,Ximen ,19054.2,27932.0,28661.8,28424.75,28353.75,30652.0,23623.5,202108
510,Ximen ,22732.5,31954.75,31282.75,33418.2,33214.0,36445.0,31358.25,202109
511,Ximen ,43387.0,36872.5,40199.75,42033.75,42594.75,48856.6,52373.0,202110
512,Ximen ,50751.0,44450.2,45230.2,46775.5,47701.0,58739.75,63087.0,202111
513,Ximen ,60388.25,48795.25,49309.0,51877.2,53664.2,70767.2,81967.25,202112
514,Ximen ,39583.6,39001.4,45802.0,47428.75,48705.5,53288.5,51859.0,202201
515,Ximen ,45329.75,46217.75,40021.5,42000.5,42362.75,49937.25,52484.5,202202
516,Ximen ,47877.0,45068.25,46421.8,48486.0,47762.8,59421.25,62897.25,202203
517,Ximen ,35260.5,37712.25,36609.5,39045.5,37522.5,45698.4,40460.6,202204
518,Ximen ,23747.2,27530.4,29163.2,29556.25,28887.25,33452.0,29120.5,202205
519,Ximen ,33156.75,36153.25,37554.75,37760.0,39534.6,39965.75,40994.5,202206
520,Ximen ,42767.2,42716.5,44206.5,45973.75,46096.0,52682.4,52957.4,202207
521,Ximen ,46922.0,45305.2,45797.0,47676.6,47811.5,55096.5,57364.75,202208
522,Ximen ,41396.25,43250.0,44805.75,46520.75,46549.8,52108.0,52283.25,202209
523,Ximen ,47232.0,44974.8,45383.0,47495.25,47797.5,59054.25,62581.4,202210
524,Ximen ,54298.75,48507.5,48667.4,50794.6,50812.25,62015.5,68169.75,202211
525,Xinbeitou,7108.75,6539.5,7390.0,6947.4,6544.6,6439.4,7811.25,202001
526,Xinbeitou,5769.0,4543.25,4770.5,4735.0,4860.5,5382.5,6051.2,202002
527,Xinbeitou,3841.0,3723.4,3741.0,3987.5,3848.0,4179.5,4083.25,202003
528,Xinbeitou,2719.0,3258.25,3334.75,3427.0,3417.8,3556.5,3190.5,202004
529,Xinbeitou,3289.6,3488.0,3576.25,3804.0,3792.0,4120.8,3865.6,202005
530,Xinbeitou,3584.75,3684.4,3892.2,3914.5,3731.75,4406.5,4615.5,202006
531,Xinbeitou,3768.5,3699.0,3884.5,3888.0,4155.6,4375.6,4665.25,202007
532,Xinbeitou,4239.2,3895.2,4266.25,4231.25,4209.5,4666.5,4830.4,202008
533,Xinbeitou,4589.75,4182.25,4285.4,4327.0,4394.75,4784.5,5775.75,202009
534,Xinbeitou,5722.5,4729.0,4910.25,4998.0,5200.4,6425.4,7343.4,202010
535,Xinbeitou,5855.2,4932.6,5111.75,5243.75,5187.25,5856.75,6820.0,202011
536,Xinbeitou,6572.5,5251.5,5448.2,5472.4,5847.4,6552.0,7664.5,202012
537,Xinbeitou,5866.6,4912.5,5209.75,5116.5,5277.0,6359.0,6875.2,202101
538,Xinbeitou,7329.5,5588.25,5223.75,4709.0,4608.0,5438.0,6018.5,202102
539,Xinbeitou,5261.75,4923.0,4849.8,4981.2,5081.75,5578.0,6105.75,202103
540,Xinbeitou,5150.75,4575.75,4680.25,4832.25,4792.6,5727.2,6227.0,202104
541,Xinbeitou,1983.8,2234.4,2462.0,2452.25,2306.75,2454.75,2516.8,202105
542,Xinbeitou,417.0,788.0,900.8,910.6,872.5,905.75,525.75,202106
543,Xinbeitou,639.5,1161.25,1194.0,1257.25,1185.0,1204.4,808.2,202107
544,Xinbeitou,1430.6,1864.6,1926.4,1935.0,1875.5,2046.0,1805.0,202108
545,Xinbeitou,1885.0,2670.5,2705.75,2917.8,2912.8,2929.25,2536.0,202109
546,Xinbeitou,3619.8,3155.25,3524.0,3687.5,3712.0,4099.4,4448.4,202110
547,Xinbeitou,5828.0,4266.6,4592.4,4604.75,4872.0,5325.75,5900.0,202111
548,Xinbeitou,5713.5,4720.5,4886.5,4951.6,5191.2,5960.8,6388.25,202112
549,Xinbeitou,3938.8,3439.8,4007.75,4044.5,4114.75,4175.5,4731.6,202201
550,Xinbeitou,4735.5,4307.0,3577.5,3933.75,3905.25,4493.25,5082.25,202202
551,Xinbeitou,4353.5,4049.75,4206.2,4222.4,4363.6,4784.0,5331.25,202203
552,Xinbeitou,3171.25,3302.75,3211.75,3296.0,3328.5,3694.4,3458.8,202204
553,Xinbeitou,2013.2,2277.4,2361.6,2325.75,2365.75,2463.25,2291.5,202205
554,Xinbeitou,2425.75,2714.75,2945.5,2880.4,2952.6,2799.5,2875.25,202206
555,Xinbeitou,3089.4,2884.75,3212.75,3305.75,3393.0,3454.6,3525.0,202207
556,Xinbeitou,3801.25,3280.6,3605.4,3710.6,3698.25,3744.5,4362.0,202208
557,Xinbeitou,3183.0,3471.75,3698.25,3804.75,3829.4,4046.4,3883.25,202209
558,Xinbeitou,4270.8,3895.2,4069.5,4248.25,4492.0,4930.5,5034.0,202210
559,Xinbeitou,5372.0,4304.0,4538.0,4693.4,4740.25,5357.0,5859.5,202211
560,Xindian ,10051.75,11149.75,11354.25,10690.0,11092.8,10652.0,11748.5,202001
561,Xindian ,9893.25,10112.25,10413.0,10745.75,10812.25,11646.25,11820.2,202002
562,Xindian ,9464.6,9827.8,9873.2,10159.5,9930.25,10386.75,9190.75,202003
563,Xindian ,6823.75,9201.75,9327.5,9534.0,9014.8,9158.25,7747.5,202004
564,Xindian ,9105.6,9790.5,9913.5,10189.25,10011.5,10436.4,9325.8,202005
565,Xindian ,9511.0,10170.6,10479.6,10749.25,10158.5,10785.5,10901.25,202006
566,Xindian ,10145.75,10352.5,10841.0,10714.4,10765.6,11151.4,10691.0,202007
567,Xindian ,10133.8,10105.8,10572.5,10832.75,10741.25,11141.0,10666.4,202008
568,Xindian ,9584.75,10870.75,11126.6,11389.0,11025.25,11490.75,11269.0,202009
569,Xindian ,11604.75,11122.0,11509.75,11674.75,12230.8,12808.2,13285.8,202010
570,Xindian ,11334.4,11106.0,11405.5,11635.5,11651.25,12023.75,12351.75,202011
571,Xindian ,10684.25,11285.25,11438.4,11359.2,11726.2,12092.5,11909.25,202012
572,Xindian ,9976.6,10972.0,11405.5,11747.75,11301.75,11312.4,10595.8,202101
573,Xindian ,12300.0,11942.75,11008.75,10148.0,9965.25,11077.25,10470.25,202102
574,Xindian ,11309.75,11747.0,11768.2,11798.8,11935.75,12319.75,12320.0,202103
575,Xindian ,14066.75,12237.25,12147.5,12144.5,12173.4,13929.0,16373.75,202104
576,Xindian ,5549.6,6543.0,7299.5,6953.25,6787.25,6859.25,6661.4,202105
577,Xindian ,1358.0,2687.75,3036.0,3027.0,2898.25,2956.0,1628.0,202106
578,Xindian ,2241.25,4077.5,4261.0,4283.5,4041.0,4066.6,2537.0,202107
579,Xindian ,4623.4,6488.8,6676.8,6571.5,6646.0,6660.5,5117.5,202108
580,Xindian ,5623.5,8098.75,7994.25,8551.0,8495.4,8374.75,6719.25,202109
581,Xindian ,7973.0,8308.5,9420.0,9754.0,9718.5,10044.4,8730.8,202110
582,Xindian ,9846.5,10007.2,10106.6,10459.25,10408.5,10828.5,9489.0,202111
583,Xindian ,9755.0,10283.5,10565.0,10899.4,11121.0,12243.0,11650.0,202112
584,Xindian ,8939.0,8822.6,10010.75,10183.75,10011.0,10012.25,10929.6,202201
585,Xindian ,9892.75,10643.0,8722.75,9272.0,8846.0,9900.5,9805.5,202202
586,Xindian ,11054.0,10384.0,10961.4,10925.4,10984.4,11635.25,12297.0,202203
587,Xindian ,8216.75,9230.75,8947.75,9303.0,9165.0,9678.6,8692.6,202204
588,Xindian ,5291.8,6249.4,6753.6,6875.75,6669.0,6991.25,5532.75,202205
589,Xindian ,6947.25,7969.25,8202.75,8087.8,8153.4,7750.5,7315.75,202206
590,Xindian ,8219.2,8869.5,8833.75,9154.0,9183.0,9335.4,8585.8,202207
591,Xindian ,8583.0,9042.6,9377.6,9464.2,9243.5,9415.25,9202.25,202208
592,Xindian ,7177.5,9450.0,9732.25,10094.0,9961.0,9996.6,8525.25,202209
593,Xindian ,7772.6,9168.2,9946.75,10234.0,10219.75,10646.0,9494.4,202210
594,Xindian ,10000.5,10403.25,10400.0,10593.6,10706.25,11210.0,10866.75,202211
595,Yuanshan,21927.25,24547.25,26340.0,25801.8,25948.0,25527.2,26029.25,202001
596,Yuanshan,20249.0,22515.25,23619.25,24000.5,24417.75,23278.25,23592.8,202002
597,Yuanshan,17229.8,22673.0,23226.4,23640.25,23312.75,25046.25,18517.75,202003
598,Yuanshan,13913.75,21469.5,22252.0,22550.8,20837.6,21258.75,16146.25,202004
599,Yuanshan,18279.6,22994.0,23569.75,24298.5,24219.5,25279.6,20303.4,202005
600,Yuanshan,19881.5,24240.2,25640.0,26153.25,23476.25,25422.0,24942.0,202006
601,Yuanshan,21805.5,23838.0,25458.25,25199.6,25255.0,26546.4,25995.0,202007
602,Yuanshan,23957.0,23349.0,25970.5,25955.75,25789.75,26794.75,28131.0,202008
603,Yuanshan,22337.5,25200.75,26734.2,26575.8,26554.5,28283.5,27444.0,202009
604,Yuanshan,27991.0,26310.5,27178.0,27096.5,25853.2,26509.0,32197.4,202010
605,Yuanshan,26299.0,25914.8,27412.0,28170.75,28333.5,29723.25,31495.25,202011
606,Yuanshan,29140.0,26090.25,27475.4,26724.4,28334.8,31558.75,34214.75,202012
607,Yuanshan,21198.6,24426.25,26190.25,26445.5,25589.5,26009.2,23613.4,202101
608,Yuanshan,26571.25,23683.0,23561.0,21822.0,21607.25,24642.0,25006.75,202102
609,Yuanshan,27577.0,25715.4,28297.6,28236.4,28907.25,31449.25,31830.75,202103
610,Yuanshan,29061.5,25223.0,27631.0,27565.5,29134.0,30396.8,33583.75,202104
611,Yuanshan,11471.8,14460.6,16753.75,16023.75,15552.0,16164.75,14118.8,202105
612,Yuanshan,2215.0,5414.25,6353.2,6370.6,6172.5,6220.75,2821.0,202106
613,Yuanshan,3567.75,8950.75,9845.75,10927.75,9633.0,8672.8,4430.0,202107
614,Yuanshan,8059.4,14082.0,15066.8,14542.0,14575.25,14799.75,9542.25,202108
615,Yuanshan,9800.25,16373.75,16943.5,19284.2,19224.8,19522.0,13999.25,202109
616,Yuanshan,17579.6,21260.25,24964.25,26826.25,26390.0,27737.2,21433.6,202110
617,Yuanshan,20585.75,24421.4,25461.4,25238.75,25567.5,28518.5,23262.25,202111
618,Yuanshan,21047.0,23013.25,24767.5,25084.0,25535.2,26646.8,25897.75,202112
619,Yuanshan,15921.0,18414.8,22288.0,22285.0,22462.0,22500.5,19959.8,202201
620,Yuanshan,20649.0,20887.75,18348.5,19141.75,18635.5,21547.75,23517.5,202202
621,Yuanshan,24618.75,23863.75,26028.0,25846.4,25882.6,28838.0,30571.0,202203
622,Yuanshan,16749.25,19417.0,19327.75,20973.75,21284.75,23341.8,18499.6,202204
623,Yuanshan,10593.2,13423.4,14620.6,14628.75,14669.0,15672.75,13705.5,202205
624,Yuanshan,14062.25,17027.75,17959.0,17457.8,17973.6,17163.5,15870.75,202206
625,Yuanshan,21726.6,18524.25,19537.75,19987.25,20094.25,20986.0,24808.2,202207
626,Yuanshan,17546.0,19449.0,21027.4,21243.0,20911.75,21928.75,20315.5,202208
627,Yuanshan,16189.25,21818.0,23099.5,23132.75,23348.8,23466.6,19855.75,202209
628,Yuanshan,19353.6,21315.8,23419.5,23386.5,24113.0,26716.5,26546.8,202210
629,Yuanshan,25071.75,23693.75,24460.2,24692.8,25648.5,28441.75,27771.75,202211
630,Zhongshan ,40167.0,42083.0,43055.25,43966.4,43437.2,43647.4,44762.0,202001
631,Zhongshan ,32839.25,36729.0,37645.25,38670.0,40105.5,41936.25,39073.6,202002
632,Zhongshan ,27295.8,30962.8,32293.2,33435.0,34510.25,39406.75,34997.25,202003
633,Zhongshan ,22835.25,27912.75,29405.75,31338.4,30956.6,33209.25,28441.0,202004
634,Zhongshan ,29541.2,31082.25,32981.25,34785.75,34916.5,39897.2,37521.6,202005
635,Zhongshan ,31792.75,34007.2,36136.0,37939.25,35356.5,41355.0,41997.25,202006
636,Zhongshan ,34762.0,36737.25,38865.0,40053.4,40143.4,46567.2,43903.5,202007
637,Zhongshan ,35786.4,36369.8,39835.0,40963.0,41148.75,47326.5,44796.2,202008
638,Zhongshan ,36939.25,37005.75,38502.0,39727.4,40098.25,46115.25,47686.0,202009
639,Zhongshan ,38724.0,36931.0,38970.75,40356.75,41369.0,47260.6,48097.8,202010
640,Zhongshan ,38326.4,36455.0,37205.25,39059.75,39360.5,46781.75,48879.75,202011
641,Zhongshan ,44780.25,39442.5,41290.0,43397.4,46074.8,53295.5,56869.25,202012
642,Zhongshan ,36234.6,37499.25,39876.75,42880.25,41723.5,45912.4,45422.6,202101
643,Zhongshan ,38042.25,39231.0,40726.25,38993.5,35144.5,41947.0,41853.5,202102
644,Zhongshan ,38027.5,37287.4,38968.0,40609.8,40799.25,48330.5,48180.75,202103
645,Zhongshan ,37341.25,36345.75,38589.5,40490.0,42408.2,47633.6,47118.75,202104
646,Zhongshan ,16411.4,19920.8,23040.5,22541.25,21974.75,24540.5,21930.4,202105
647,Zhongshan ,4241.75,7783.75,9011.6,9161.2,8775.5,9298.0,5397.0,202106
648,Zhongshan ,6782.75,12382.0,13186.5,13353.75,12863.8,13732.2,8775.0,202107
649,Zhongshan ,15670.6,21347.0,23062.0,23019.75,23276.75,26148.5,20822.75,202108
650,Zhongshan ,17643.25,24933.75,25334.75,27344.2,27967.2,31034.75,26317.5,202109
651,Zhongshan ,32436.6,29304.5,31720.5,33318.5,34781.5,40259.2,40070.4,202110
652,Zhongshan ,34108.75,32519.2,33770.8,35129.75,35835.5,43660.5,43501.0,202111
653,Zhongshan ,41029.5,36321.5,37851.25,39397.0,41330.8,49618.4,52431.75,202112
654,Zhongshan ,30028.8,28995.8,35506.75,37226.5,38003.25,42273.25,38258.4,202201
655,Zhongshan ,32860.5,34786.5,30312.25,31538.5,32585.0,38640.0,38783.5,202202
656,Zhongshan ,35315.5,34717.5,35840.6,37558.2,38058.4,45467.25,45827.75,202203
657,Zhongshan ,27128.0,28375.25,28657.5,31082.5,30823.0,37175.4,32315.8,202204
658,Zhongshan ,19697.6,21600.2,23161.4,23538.75,23403.5,27592.75,24386.5,202205
659,Zhongshan ,25722.0,27914.75,29154.0,29912.0,31101.2,32200.25,31902.0,202206
660,Zhongshan ,31496.4,32229.75,33983.0,35687.25,36272.5,41204.2,39529.6,202207
661,Zhongshan ,34684.5,34583.4,36029.8,37889.0,38227.5,43698.75,42663.75,202208
662,Zhongshan ,32023.75,33199.75,35109.5,36967.0,37556.2,41515.2,39054.75,202209
663,Zhongshan ,36797.4,34379.0,35588.5,37760.5,39322.25,47250.75,48502.0,202210
664,Zhongshan ,39708.5,36114.25,37128.2,39382.0,39744.75,48189.25,49929.25,202211
665,Zhongxiao Fuxing,39714.75,44522.75,46459.75,45990.6,46251.6,46541.4,46030.5,202001
666,Zhongxiao Fuxing,30685.0,38357.0,39624.0,40980.25,41942.5,43009.25,38989.4,202002
667,Zhongxiao Fuxing,26151.2,32917.8,34621.0,35774.25,36025.0,40826.25,34947.25,202003
668,Zhongxiao Fuxing,22215.0,30268.5,32393.25,33789.2,32641.6,34138.0,28719.25,202004
669,Zhongxiao Fuxing,29568.0,33826.25,35584.0,37187.0,37135.5,41755.4,37906.4,202005
670,Zhongxiao Fuxing,30896.25,36670.6,39034.2,40490.0,37852.25,43377.0,42036.5,202006
671,Zhongxiao Fuxing,33934.0,39035.0,41604.0,42854.6,42878.4,48970.4,44129.75,202007
672,Zhongxiao Fuxing,34407.2,39037.6,42136.5,43250.25,43889.25,49185.75,44701.0,202008
673,Zhongxiao Fuxing,34200.75,38822.75,40769.2,41915.6,42051.25,47763.0,45976.5,202009
674,Zhongxiao Fuxing,33666.0,38297.5,40670.75,41896.75,41152.8,45471.4,44703.6,202010
675,Zhongxiao Fuxing,41168.6,45853.8,43188.0,45861.25,50961.5,56200.0,55064.75,202011
676,Zhongxiao Fuxing,38326.75,40829.25,42698.0,44644.6,47003.6,52473.5,50821.5,202012
677,Zhongxiao Fuxing,32817.4,38761.25,41104.5,42705.25,42678.0,45734.8,42827.0,202101
678,Zhongxiao Fuxing,35822.75,40463.0,41917.5,40427.5,37280.75,42977.5,41789.0,202102
679,Zhongxiao Fuxing,34095.0,37729.4,40174.2,41783.0,42048.25,48669.5,45731.75,202103
680,Zhongxiao Fuxing,35394.5,36849.75,40809.75,41906.0,43690.8,46686.0,46813.75,202104
681,Zhongxiao Fuxing,16703.4,21156.4,23964.25,23041.25,22146.5,24552.5,22106.8,202105
682,Zhongxiao Fuxing,5379.25,9044.25,10204.6,10378.4,9921.25,10551.5,7080.5,202106
683,Zhongxiao Fuxing,7580.5,13614.25,14533.5,14878.5,14188.4,14988.8,10428.2,202107
684,Zhongxiao Fuxing,14669.6,22233.6,23634.2,23505.0,23639.0,26134.25,20503.25,202108
685,Zhongxiao Fuxing,15538.0,24831.25,25169.75,27318.8,27610.4,30423.25,24729.75,202109
686,Zhongxiao Fuxing,26017.0,27577.75,30559.25,31866.5,32280.5,36906.8,33967.0,202110
687,Zhongxiao Fuxing,35052.0,37418.6,35780.0,37286.0,42786.75,48154.0,46888.5,202111
688,Zhongxiao Fuxing,31570.75,34470.0,36238.5,37422.0,39136.2,45266.4,42749.5,202112
689,Zhongxiao Fuxing,25968.0,28510.2,34623.25,35799.0,36374.75,40432.25,34601.2,202201
690,Zhongxiao Fuxing,27218.5,31960.5,29339.25,30283.75,30866.25,35332.25,33711.0,202202
691,Zhongxiao Fuxing,28317.0,33198.75,34708.0,35198.6,35970.0,42226.5,38654.5,202203
692,Zhongxiao Fuxing,20327.75,25773.75,26672.0,28869.5,28732.75,33876.4,27785.2,202204
693,Zhongxiao Fuxing,16326.8,21105.8,22132.2,22969.25,22596.75,25824.25,21177.5,202205
694,Zhongxiao Fuxing,20314.75,26038.0,28073.0,27885.2,28782.4,28782.75,26605.5,202206
695,Zhongxiao Fuxing,25108.4,30021.5,31626.0,32520.0,32924.5,37155.2,33250.2,202207
696,Zhongxiao Fuxing,27802.5,32077.6,33491.8,34884.0,35446.75,39567.25,36095.75,202208
697,Zhongxiao Fuxing,25018.5,31560.0,33744.0,34361.75,35170.8,38193.6,32570.5,202209
698,Zhongxiao Fuxing,27510.6,31240.8,33666.5,35043.5,35335.75,41498.5,38579.2,202210
699,Zhongxiao Fuxing,37708.0,41363.5,37895.4,39883.0,44982.75,51496.0,47578.25,202211
